<?xml version="1.0" encoding="UTF-8"?>
<project-private xmlns="http://www.netbeans.org/ns/project-private/1">
    <editor-bookmarks xmlns="http://www.netbeans.org/ns/editor-bookmarks/2" lastBookmarkId="0"/>
    <open-files xmlns="http://www.netbeans.org/ns/projectui-open-files/2">
        <group>
            <file>file:/C:/Users/Majzer/Documents/NetBeansProjects/BeckBacsiSutiboltja/HTML/afonyakremescupcake.html</file>
            <file>file:/C:/Users/Majzer/Documents/NetBeansProjects/BeckBacsiSutiboltja/minta.css</file>
            <file>file:/C:/Users/Majzer/Documents/NetBeansProjects/BeckBacsiSutiboltja/HTML/mezeskalacs.html</file>
            <file>file:/C:/Users/Majzer/Documents/NetBeansProjects/BeckBacsiSutiboltja/HTML/zserbo.html</file>
            <file>file:/C:/Users/Majzer/Documents/NetBeansProjects/BeckBacsiSutiboltja/HTML/gesztenyeskosar.html</file>
            <file>file:/C:/Users/Majzer/Documents/NetBeansProjects/BeckBacsiSutiboltja/HTML/mezes-kremes.html</file>
            <file>file:/C:/Users/Majzer/Documents/NetBeansProjects/BeckBacsiSutiboltja/index.html</file>
            <file>file:/C:/Users/Majzer/Documents/NetBeansProjects/BeckBacsiSutiboltja/HTML/kozmoszkeksz.html</file>
            <file>file:/C:/Users/Majzer/Documents/NetBeansProjects/BeckBacsiSutiboltja/HTML/forrocsoki.html</file>
            <file>file:/C:/Users/Majzer/Documents/NetBeansProjects/BeckBacsiSutiboltja/HTML/kavescsokismuffin.html</file>
            <file>file:/C:/Users/Majzer/Documents/NetBeansProjects/BeckBacsiSutiboltja/HTML/fahejasmezes.html</file>
        </group>
    </open-files>
</project-private>
